id,氏名,メールアドレス,年齢,電話番号
1,山田太郎,taro.yamada@example.com,34,090-1234-5678
2,鈴木花子,hana.suzuki@example.com,28,080-2345-6789
3,高橋智也,tomoko.takahashi@example.com,41,090-3456-7890
4,渡辺さくら,sakura.watanabe@example.com,23,070-4567-8901
5,伊藤大輔,daisuke.ito@example.com,52,090-5678-9012
6,中村美咲,masaki.nakamura@example.com,37,080-6789-0123
7,小林健太,genta.kobayashi@example.com,29,090-7890-1234
8,山本彩,ayane.yamamoto@example.com,45,070-8901-2345
9,加藤慎1,shin.kato@example.com,31,090-9012-3456
10,佐藤恵,kei.sato@example.com,58,080-0123-4567
